Path,Size,ModifiedUTC,SHA256
C:\maltego_osint\gemini_osint_transform - Copy.py,2593,2026-06-06T06:01:05.150403Z,8f557bc94868b5836a43ce09dfd489412a286bdef306c47a605d18ab4f937fe2
C:\maltego_osint\gemini_osint_transform.py,1233,2026-06-06T08:42:04.789503Z,fc36f61f0f9b8f684ee14e3f489eeea489a1dca89d1399ded6a3047340bc8f89
C:\maltego_osint\gemini_osint_transform.spec,730,2026-06-06T08:43:54.141590Z,6c72b6ab8195bac350be042a2d450b18e12ddad91061fc1eab3d3b338569d555
C:\maltego_osint\Maltego_OSINT_Guide.html,4169,2026-06-06T06:01:05.154383Z,73fa6185c5f97b2cc4ece31669252a5770bb2b2b6eca54cf35df16965731e07d
C:\maltego_osint\dist\gemini_osint_transform.exe,23232647,2026-06-06T08:45:06.787382Z,4c16a082a8b3624435bd1d0c758bc314130c535e410dd6b56f5266fb87b2eddc
C:\maltego_osint\build\gemini_osint_transform\Analysis-00.toc,192191,2026-06-06T08:45:02.609714Z,84e425953bcd807454ffd68c67d4ce8305a839d9afd7bf54477ce6c9cf9dd8ce
C:\maltego_osint\build\gemini_osint_transform\base_library.zip,1388172,2026-06-06T08:44:57.973070Z,c181a99e0599cb91e31c89516ed0c3e9f2495de2e32d069c1c0b67bcfaf9a291
C:\maltego_osint\build\gemini_osint_transform\EXE-00.toc,21209,2026-06-06T08:45:06.795378Z,48ce06ea197c40a1cce6c47b9287bbd7b76104c7cb382b2a5088bd876623d6f8
C:\maltego_osint\build\gemini_osint_transform\gemini_osint_transform.pkg,22887047,2026-06-06T08:45:06.017727Z,d0903aea2cbc1203679dab728cbf53a0ac98d37fb33793617a72127b7b75de87
C:\maltego_osint\build\gemini_osint_transform\PKG-00.toc,19593,2026-06-06T08:45:06.025702Z,2549fa6c507a0cceacd05d5e9b9963dd692901a99657e20888ada82c318f8abc
C:\maltego_osint\build\gemini_osint_transform\PYZ-00.pyz,9355571,2026-06-06T08:45:03.502199Z,e472bf9d5f845af5f15c398d1b2c0bdb2d949eeba05b9db80aff4ce7a4e921a1
C:\maltego_osint\build\gemini_osint_transform\PYZ-00.toc,160524,2026-06-06T08:45:03.536178Z,5c377204581254a9946bd0440cf23774196daacfe619953bb5d5122b9577d6a1
C:\maltego_osint\build\gemini_osint_transform\warn-gemini_osint_transform.txt,24871,2026-06-06T08:45:02.412827Z,bdfda3fd192f67542ce33514072ac626e3b50ef2d1296e52391ba7aa3504d8ac
C:\maltego_osint\build\gemini_osint_transform\xref-gemini_osint_transform.html,2169892,2026-06-06T08:45:02.568735Z,60912cda3a9e0278cb768bc06d82d0c01610fdb65258afac03cc73e2d14d9767
C:\maltego_osint\build\gemini_osint_transform\localpycs\pyimod01_archive.pyc,5054,2026-06-06T08:45:02.613710Z,0c44c665d1bc6e077a4793dcf9bedec5ddac57abcb754411167b875fb39fccf8
C:\maltego_osint\build\gemini_osint_transform\localpycs\pyimod02_importers.pyc,32335,2026-06-06T08:45:02.622704Z,27bae24580f1805e52f68a7c6bd0d1c9cebd80d1efc66ce366f3234e1a61a0cd
C:\maltego_osint\build\gemini_osint_transform\localpycs\pyimod03_ctypes.pyc,6635,2026-06-06T08:45:02.625702Z,66bed04c82d1254bc24c5d1bf5c1f234ad675254191bf5650e6d413d029a42de
C:\maltego_osint\build\gemini_osint_transform\localpycs\pyimod04_pywin32.pyc,1705,2026-06-06T08:45:02.627702Z,93206026c67599403e465f7b641a099c8c23274e4a2e54e98188f6379440f57a
C:\maltego_osint\build\gemini_osint_transform\localpycs\struct.pyc,307,2026-06-06T08:45:02.611711Z,075a093b134138f03a690b4269dc591f8d4ffc4bb308f88fde2d400e5a7142ba
